imei,total_rpc_count,unlock_count,found_unlock,first_rpc_ts,last_rpc_ts,first_unlock_ts,last_unlock_ts
359404230082423,855,855,true,2025-04-08T15:19:40.923346,2025-10-15T11:15:49.284727,2025-04-08T15:19:40.923346,2025-10-15T11:15:49.284727
351901930027416,705,705,true,2025-02-21T10:28:48.169714,2025-10-15T05:30:21.48678,2025-02-21T10:28:48.169714,2025-10-15T05:30:21.48678
351901930026103,600,600,true,2024-12-19T12:23:18.800235,2025-10-15T09:54:56.433214,2024-12-19T12:23:18.800235,2025-10-15T09:54:56.433214
359746167128136,513,513,true,2024-10-22T16:10:13.74719,2025-07-26T07:31:29.50053,2024-10-22T16:10:13.74719,2025-07-26T07:31:29.50053
351901930025949,456,456,true,2024-12-19T08:51:23.025378,2025-10-14T14:55:15.514686,2024-12-19T08:51:23.025378,2025-10-14T14:55:15.514686
351901930027614,407,407,true,2025-02-21T10:08:41.774235,2025-10-15T09:37:17.787477,2025-02-21T10:08:41.774235,2025-10-15T09:37:17.787477
359404230081979,387,387,true,2025-04-08T15:03:21.868746,2025-10-15T07:34:50.101496,2025-04-08T15:03:21.868746,2025-10-15T07:34:50.101496
351901930025840,341,341,true,2024-12-05T12:16:39.933496,2025-08-18T13:54:59.405337,2024-12-05T12:16:39.933496,2025-08-18T13:54:59.405337
351901930066026,340,340,true,2024-11-04T11:22:11.588539,2025-09-25T12:25:25.919711,2024-11-04T11:22:11.588539,2025-09-25T12:25:25.919711
351901930025246,213,213,true,2025-03-31T13:41:42.720824,2025-10-14T13:39:21.742478,2025-03-31T13:41:42.720824,2025-10-14T13:39:21.742478
351901930063577,196,196,true,2024-08-15T07:46:11.512522,2025-10-11T19:01:17.074062,2024-08-15T07:46:11.512522,2025-10-11T19:01:17.074062
351901930026087,156,156,true,2025-02-06T07:32:22.483871,2025-09-29T04:56:21.680015,2025-02-06T07:32:22.483871,2025-09-29T04:56:21.680015
359404230082019,152,152,true,2025-04-08T14:51:50.356466,2025-10-12T17:02:02.489387,2025-04-08T14:51:50.356466,2025-10-12T17:02:02.489387
351901930025444,136,136,true,2025-03-31T12:22:46.75172,2025-10-11T07:35:41.629041,2025-03-31T12:22:46.75172,2025-10-11T07:35:41.629041
351901930027507,135,135,true,2025-04-21T12:46:24.783553,2025-10-12T18:06:15.986427,2025-04-21T12:46:24.783553,2025-10-12T18:06:15.986427
351901930026020,131,125,true,2025-03-30T15:16:50.220013,2025-10-15T08:51:28.160694,2025-03-30T15:16:50.220013,2025-10-15T08:51:28.160694
359404230124332,114,114,true,2025-08-21T08:45:28.980168,2025-10-15T12:11:43.797047,2025-08-21T08:45:28.980168,2025-10-15T12:11:43.797047
351901930024744,113,113,true,2025-03-14T12:23:32.500768,2025-03-26T09:25:31.698304,2025-03-14T12:23:32.500768,2025-03-26T09:25:31.698304
359404230081987,112,112,true,2025-06-26T12:25:40.46189,2025-10-15T05:06:02.753017,2025-06-26T12:25:40.46189,2025-10-15T05:06:02.753017
351901930025618,94,94,true,2025-02-06T14:57:51.361036,2025-09-14T11:10:26.473876,2025-02-06T14:57:51.361036,2025-09-14T11:10:26.473876
351901930025378,93,93,true,2025-02-18T13:59:11.867769,2025-10-09T06:36:22.981712,2025-02-18T13:59:11.867769,2025-10-09T06:36:22.981712
359404230081615,91,91,true,2025-04-29T10:03:33.545075,2025-08-29T09:18:26.725804,2025-04-29T10:03:33.545075,2025-08-29T09:18:26.725804
351901930025279,84,84,true,2024-12-19T08:21:00.24321,2025-10-03T06:53:07.236635,2024-12-19T08:21:00.24321,2025-10-03T06:53:07.236635
359404230082555,84,84,true,2025-04-29T12:40:05.687806,2025-10-08T09:48:29.038252,2025-04-29T12:40:05.687806,2025-10-08T09:48:29.038252
359404230124308,84,84,true,2025-08-26T07:20:38.767507,2025-10-14T14:03:02.146344,2025-08-26T07:20:38.767507,2025-10-14T14:03:02.146344
359404230124498,83,83,true,2025-08-26T08:42:52.362512,2025-10-15T05:54:39.666268,2025-08-26T08:42:52.362512,2025-10-15T05:54:39.666268
351901930027945,82,82,true,2025-03-03T14:00:45.156998,2025-06-05T19:12:00.115337,2025-03-03T14:00:45.156998,2025-06-05T19:12:00.115337
359404230124720,67,67,true,2025-08-20T09:25:50.822961,2025-10-14T08:22:59.779661,2025-08-20T09:25:50.822961,2025-10-14T08:22:59.779661
359404230082985,60,60,true,2025-06-25T08:23:12.049526,2025-10-15T06:54:57.317561,2025-06-25T08:23:12.049526,2025-10-15T06:54:57.317561
351901930025337,58,58,true,2025-02-21T10:05:29.499454,2025-10-07T14:34:59.521668,2025-02-21T10:05:29.499454,2025-10-07T14:34:59.521668
359404230124456,53,53,true,2025-08-20T09:47:29.428218,2025-10-07T15:04:17.15471,2025-08-20T09:47:29.428218,2025-10-07T15:04:17.15471
359404230124290,51,51,true,2025-08-04T07:36:14.15045,2025-09-05T16:18:45.64498,2025-08-04T07:36:14.15045,2025-09-05T16:18:45.64498
351901930027713,48,48,true,2025-03-31T10:31:51.793773,2025-05-12T11:35:23.441784,2025-03-31T10:31:51.793773,2025-05-12T11:35:23.441784
359404230082852,48,48,true,2025-04-29T09:17:28.906286,2025-10-08T10:32:27.071392,2025-04-29T09:17:28.906286,2025-10-08T10:32:27.071392
351901930025717,46,46,true,2025-01-29T10:00:46.998069,2025-04-10T07:09:01.06484,2025-01-29T10:00:46.998069,2025-04-10T07:09:01.06484
351901930026251,46,46,true,2025-03-30T15:41:21.391987,2025-10-11T13:10:43.963588,2025-03-30T15:41:21.391987,2025-10-11T13:10:43.963588
359404230124340,41,41,true,2025-08-26T15:36:36.911173,2025-10-10T10:35:26.251945,2025-08-26T15:36:36.911173,2025-10-10T10:35:26.251945
359404230082126,39,39,true,2025-04-29T07:45:00.606774,2025-09-23T12:27:49.373931,2025-04-29T07:45:00.606774,2025-09-23T12:27:49.373931
359404230082761,39,39,true,2025-04-29T11:57:19.196614,2025-10-08T09:21:47.597152,2025-04-29T11:57:19.196614,2025-10-08T09:21:47.597152
359404230081938,38,38,true,2025-04-29T13:24:53.963913,2025-08-29T10:49:00.490433,2025-04-29T13:24:53.963913,2025-08-29T10:49:00.490433
359404230082068,34,34,true,2025-04-29T11:40:01.5855,2025-08-29T11:23:22.256431,2025-04-29T11:40:01.5855,2025-08-29T11:23:22.256431
359404230082670,30,30,true,2025-04-29T11:40:08.089743,2025-10-10T14:04:20.363867,2025-04-29T11:40:08.089743,2025-10-10T14:04:20.363867
359404230082373,29,29,true,2025-04-28T15:14:21.372808,2025-09-23T12:25:27.269913,2025-04-28T15:14:21.372808,2025-09-23T12:25:27.269913
359404230082464,29,29,true,2025-04-29T09:49:41.300947,2025-10-08T09:22:20.980635,2025-04-29T09:49:41.300947,2025-10-08T09:22:20.980635
359404230082720,28,28,true,2025-04-29T09:07:57.896718,2025-08-27T12:08:56.758751,2025-04-29T09:07:57.896718,2025-08-27T12:08:56.758751
359404230082258,27,27,true,2025-04-29T07:50:57.621667,2025-10-08T09:22:15.375594,2025-04-29T07:50:57.621667,2025-10-08T09:22:15.375594
359404230082340,27,27,true,2025-04-29T12:26:09.419863,2025-10-08T09:39:11.371982,2025-04-29T12:26:09.419863,2025-10-08T09:39:11.371982
359404230081847,25,25,true,2025-06-25T09:41:16.019583,2025-10-02T06:18:03.323103,2025-06-25T09:41:16.019583,2025-10-02T06:18:03.323103
359404230082944,24,24,true,2025-06-26T11:16:02.6995,2025-08-25T17:55:18.650713,2025-06-26T11:16:02.6995,2025-08-25T17:55:18.650713
359404230082688,23,23,true,2025-04-29T07:37:14.513319,2025-08-29T11:23:27.200502,2025-04-29T07:37:14.513319,2025-08-29T11:23:27.200502
351901930024751,22,22,true,2025-03-25T14:36:20.284842,2025-06-02T07:14:07.005296,2025-03-25T14:36:20.284842,2025-06-02T07:14:07.005296
359404230124134,19,19,true,2025-09-11T11:48:02.066139,2025-10-15T12:05:12.127611,2025-09-11T11:48:02.066139,2025-10-15T12:05:12.127611
359404230081680,18,18,true,2025-04-29T10:59:46.583874,2025-08-27T12:39:50.412185,2025-04-29T10:59:46.583874,2025-08-27T12:39:50.412185
359404230082332,18,18,true,2025-04-29T10:03:10.025411,2025-08-29T09:23:44.974722,2025-04-29T10:03:10.025411,2025-08-29T09:23:44.974722
359404230082506,18,18,true,2025-04-29T12:31:19.017867,2025-09-29T13:37:31.424313,2025-04-29T12:31:19.017867,2025-09-29T13:37:31.424313
359404230124688,18,18,true,2025-08-04T07:36:11.694267,2025-08-30T05:37:48.94325,2025-08-04T07:36:11.694267,2025-08-30T05:37:48.94325
359404230082407,17,17,true,2025-08-05T14:37:49.676639,2025-10-12T17:01:49.596735,2025-08-05T14:37:49.676639,2025-10-12T17:01:49.596735
359404230081995,16,16,true,2025-04-29T07:56:45.688644,2025-10-08T09:47:10.835143,2025-04-29T07:56:45.688644,2025-10-08T09:47:10.835143
359404230082092,16,16,true,2025-04-29T11:57:24.162694,2025-09-03T10:48:04.812915,2025-04-29T11:57:24.162694,2025-09-03T10:48:04.812915
359404230082738,16,16,true,2025-04-29T13:24:44.658126,2025-08-29T09:26:24.60595,2025-04-29T13:24:44.658126,2025-08-29T09:26:24.60595
359404230082910,16,16,true,2025-04-29T12:31:43.638402,2025-10-10T14:04:02.27207,2025-04-29T12:31:43.638402,2025-10-10T14:04:02.27207
359404230124662,16,16,true,2025-08-24T09:14:36.883866,2025-08-27T13:54:15.07788,2025-08-24T09:14:36.883866,2025-08-27T13:54:15.07788
351901930025329,15,15,true,2025-02-24T11:27:12.087903,2025-03-12T10:44:28.823045,2025-02-24T11:27:12.087903,2025-03-12T10:44:28.823045
359404230081607,15,15,true,2025-04-28T15:14:11.744567,2025-08-27T13:16:58.041088,2025-04-28T15:14:11.744567,2025-08-27T13:16:58.041088
359404230082613,15,15,true,2025-04-29T08:57:40.404139,2025-08-29T11:13:00.843607,2025-04-29T08:57:40.404139,2025-08-29T11:13:00.843607
351901930025550,14,14,true,2024-12-03T14:13:59.398471,2024-12-03T14:18:51.890046,2024-12-03T14:13:59.398471,2024-12-03T14:18:51.890046
359404230082324,14,14,true,2025-04-29T12:50:33.580294,2025-09-11T22:40:36.68624,2025-04-29T12:50:33.580294,2025-09-11T22:40:36.68624
359404230082514,14,14,true,2025-04-29T08:42:20.039031,2025-08-27T12:29:52.579911,2025-04-29T08:42:20.039031,2025-08-27T12:29:52.579911
359404230082563,14,14,true,2025-04-29T09:49:50.693795,2025-08-27T12:10:48.166628,2025-04-29T09:49:50.693795,2025-08-27T12:10:48.166628
359404230082837,14,14,true,2025-06-25T09:09:08.618389,2025-08-06T18:26:37.342354,2025-06-25T09:09:08.618389,2025-08-06T18:26:37.342354
359404230124712,14,14,true,2025-08-26T10:04:35.945627,2025-10-01T08:26:19.722428,2025-08-26T10:04:35.945627,2025-10-01T08:26:19.722428
351901930027846,13,13,true,2024-12-03T13:06:31.037397,2025-09-16T09:12:13.090402,2024-12-03T13:06:31.037397,2025-09-16T09:12:13.090402
359404230081755,13,13,true,2025-04-29T07:37:20.230428,2025-09-04T14:03:51.905456,2025-04-29T07:37:20.230428,2025-09-04T14:03:51.905456
359404230081771,13,13,true,2025-04-29T12:41:13.202456,2025-08-27T12:32:39.783853,2025-04-29T12:41:13.202456,2025-08-27T12:32:39.783853
359404230082779,13,13,true,2025-04-29T09:02:43.324814,2025-10-04T22:01:27.854348,2025-04-29T09:02:43.324814,2025-10-04T22:01:27.854348
359404230082894,13,13,true,2025-04-29T07:45:05.211235,2025-08-27T12:20:48.033703,2025-04-29T07:45:05.211235,2025-08-27T12:20:48.033703
351901930026376,12,12,true,2024-12-03T13:11:29.055398,2025-06-10T04:33:02.130838,2024-12-03T13:11:29.055398,2025-06-10T04:33:02.130838
351901930027408,12,12,true,2025-03-31T14:39:12.573139,2025-09-24T14:23:45.239087,2025-03-31T14:39:12.573139,2025-09-24T14:23:45.239087
359404230082233,12,12,true,2025-08-05T08:24:30.831412,2025-09-28T15:32:48.714795,2025-08-05T08:24:30.831412,2025-09-28T15:32:48.714795
359404230082357,12,12,true,2025-04-29T12:24:29.528548,2025-09-04T14:33:24.147428,2025-04-29T12:24:29.528548,2025-09-04T14:33:24.147428
359404230081664,10,10,true,2025-04-29T11:26:26.20408,2025-10-08T09:58:29.917112,2025-04-29T11:26:26.20408,2025-10-08T09:58:29.917112
359404230081722,10,10,true,2025-04-29T12:41:07.178275,2025-08-29T15:59:57.943745,2025-04-29T12:41:07.178275,2025-08-29T15:59:57.943745
359404230081789,10,10,true,2025-04-29T12:32:32.214034,2025-08-27T12:36:16.263729,2025-04-29T12:32:32.214034,2025-08-27T12:36:16.263729
359404230081862,10,10,true,2025-04-29T13:24:57.831437,2025-09-23T12:25:05.166302,2025-04-29T13:24:57.831437,2025-09-23T12:25:05.166302
359404230082050,10,10,true,2025-04-29T07:57:04.626986,2025-10-08T09:39:52.17356,2025-04-29T07:57:04.626986,2025-10-08T09:39:52.17356
359404230082118,10,10,true,2025-04-29T12:50:24.223683,2025-08-27T12:16:10.893305,2025-04-29T12:50:24.223683,2025-08-27T12:16:10.893305
359404230082191,10,10,true,2025-04-29T08:42:15.94539,2025-09-03T10:48:12.315211,2025-04-29T08:42:15.94539,2025-09-03T10:48:12.315211
359404230082316,10,10,true,2025-04-29T07:51:05.483712,2025-08-27T12:31:57.109168,2025-04-29T07:51:05.483712,2025-08-27T12:31:57.109168
359404230082522,10,10,true,2025-04-29T09:08:09.735859,2025-10-06T13:52:19.67038,2025-04-29T09:08:09.735859,2025-10-06T13:52:19.67038
359404230082654,10,10,true,2025-04-29T12:03:37.843433,2025-08-27T12:14:45.067814,2025-04-29T12:03:37.843433,2025-08-27T12:14:45.067814
359404230082696,10,10,true,2025-04-29T11:32:49.744223,2025-08-27T13:41:20.679035,2025-04-29T11:32:49.744223,2025-08-27T13:41:20.679035
359404230083041,10,10,true,2025-04-29T12:39:58.072616,2025-08-27T12:13:17.289449,2025-04-29T12:39:58.072616,2025-08-27T12:13:17.289449
359404230124027,10,10,true,2025-06-30T14:40:09.161288,2025-09-26T06:48:55.425177,2025-06-30T14:40:09.161288,2025-09-26T06:48:55.425177
351901930027267,9,9,true,2025-03-31T09:55:38.212345,2025-09-14T21:14:25.243917,2025-03-31T09:55:38.212345,2025-09-14T21:14:25.243917
351901930027853,9,9,true,2024-12-03T12:53:19.47401,2024-12-04T12:42:55.008701,2024-12-03T12:53:19.47401,2024-12-04T12:42:55.008701
359404230081763,9,9,true,2025-04-29T12:33:02.043432,2025-08-27T12:34:01.336208,2025-04-29T12:33:02.043432,2025-08-27T12:34:01.336208
359404230081896,9,9,true,2025-04-29T09:02:36.748177,2025-10-08T09:56:17.291062,2025-04-29T09:02:36.748177,2025-10-08T09:56:17.291062
359404230082209,9,9,true,2025-04-29T11:50:11.356521,2025-08-27T13:42:17.597996,2025-04-29T11:50:11.356521,2025-08-27T13:42:17.597996
359404230082365,9,9,true,2025-04-29T11:26:31.98049,2025-08-29T15:56:39.546077,2025-04-29T11:26:31.98049,2025-08-29T15:56:39.546077
359404230082456,9,9,true,2025-04-29T12:13:36.482254,2025-08-27T12:35:38.346917,2025-04-29T12:13:36.482254,2025-08-27T12:35:38.346917
359404230082530,9,9,true,2025-04-29T13:24:49.295827,2025-08-27T12:25:21.736803,2025-04-29T13:24:49.295827,2025-08-27T12:25:21.736803
359404230082621,9,9,true,2025-04-29T08:48:17.946314,2025-08-29T11:05:33.949361,2025-04-29T08:48:17.946314,2025-08-29T11:05:33.949361
359404230082860,8,8,true,2025-04-29T12:50:39.086753,2025-08-27T12:16:51.788992,2025-04-29T12:50:39.086753,2025-08-27T12:16:51.788992
359404230124001,8,8,true,2025-09-25T12:20:05.458064,2025-09-26T06:47:53.393981,2025-09-25T12:20:05.458064,2025-09-26T06:47:53.393981
359404230081920,7,7,true,2025-04-29T11:49:37.45087,2025-08-27T13:46:38.979227,2025-04-29T11:49:37.45087,2025-08-27T13:46:38.979227
359404230082845,7,7,true,2025-04-29T11:07:06.647025,2025-08-27T12:34:45.907302,2025-04-29T11:07:06.647025,2025-08-27T12:34:45.907302
359404230124043,7,7,true,2025-09-25T12:20:39.144129,2025-09-25T13:36:13.176865,2025-09-25T12:20:39.144129,2025-09-25T13:36:13.176865
359404230082712,6,6,true,2025-04-29T08:48:11.804731,2025-08-27T13:44:12.420273,2025-04-29T08:48:11.804731,2025-08-27T13:44:12.420273
359404230082803,6,6,true,2025-04-29T12:50:43.646187,2025-08-27T13:34:28.562816,2025-04-29T12:50:43.646187,2025-08-27T13:34:28.562816
359404230123953,6,6,true,2025-08-18T07:07:02.411047,2025-10-07T10:22:17.558994,2025-08-18T07:07:02.411047,2025-10-07T10:22:17.558994
359404230081870,5,5,true,2025-04-29T08:57:31.101261,2025-08-27T13:44:51.856172,2025-04-29T08:57:31.101261,2025-08-27T13:44:51.856172
359404230082449,5,5,true,2025-04-29T10:59:59.2902,2025-08-27T13:48:06.663577,2025-04-29T10:59:59.2902,2025-08-27T13:48:06.663577
359404230082647,5,5,true,2025-04-29T11:07:01.064589,2025-08-27T13:46:07.016918,2025-04-29T11:07:01.064589,2025-08-27T13:46:07.016918
359404230082753,5,5,true,2025-04-29T11:32:43.234125,2025-08-27T13:47:23.462432,2025-04-29T11:32:43.234125,2025-08-27T13:47:23.462432
359404230082928,5,5,true,2025-04-29T09:17:54.567118,2025-08-27T13:45:31.557134,2025-04-29T09:17:54.567118,2025-08-27T13:45:31.557134
359404230070428,4,4,true,2025-09-25T12:15:02.870701,2025-09-25T13:36:25.62125,2025-09-25T12:15:02.870701,2025-09-25T13:36:25.62125
359404230082159,4,4,true,2025-06-25T09:40:13.507759,2025-10-09T12:54:58.163867,2025-06-25T09:40:13.507759,2025-10-09T12:54:58.163867
359404230123888,4,4,true,2025-09-11T08:50:07.441722,2025-09-18T05:49:26.631073,2025-09-11T08:50:07.441722,2025-09-18T05:49:26.631073
359404230123987,4,4,true,2025-09-25T13:35:23.150663,2025-09-25T14:32:38.941381,2025-09-25T13:35:23.150663,2025-09-25T14:32:38.941381
359404230124506,4,4,true,2025-08-24T09:29:24.299651,2025-08-27T14:07:25.480305,2025-08-24T09:29:24.299651,2025-08-27T14:07:25.480305
359404230124811,4,4,true,2025-09-25T12:17:11.45772,2025-09-25T12:22:19.552338,2025-09-25T12:17:11.45772,2025-09-25T12:22:19.552338
351901930026285,3,3,true,2024-12-03T13:01:40.879343,2025-06-10T04:32:36.355001,2024-12-03T13:01:40.879343,2025-06-10T04:32:36.355001
359404230081730,3,3,true,2025-07-01T07:49:01.585071,2025-07-01T08:05:38.271047,2025-07-01T07:49:01.585071,2025-07-01T08:05:38.271047
359404230124464,3,3,true,2025-09-11T11:48:09.555311,2025-09-11T17:16:48.690274,2025-09-11T11:48:09.555311,2025-09-11T17:16:48.690274
359404230124472,3,3,true,2025-09-11T08:50:13.768928,2025-09-18T05:49:35.498686,2025-09-11T08:50:13.768928,2025-09-18T05:49:35.498686
359404230068711,2,2,true,2025-09-11T11:48:44.482799,2025-09-11T17:16:55.444203,2025-09-11T11:48:44.482799,2025-09-11T17:16:55.444203
359404230082589,2,2,true,2025-06-13T09:56:36.605302,2025-06-13T09:58:08.132455,2025-06-13T09:56:36.605302,2025-06-13T09:58:08.132455
351901930063247,1,1,true,2025-02-25T10:21:49.101249,2025-02-25T10:21:49.101249,2025-02-25T10:21:49.101249,2025-02-25T10:21:49.101249
123456789012345,0,0,false,,,,
359404230081631,0,0,false,,,,
359404230081961,0,0,false,,,,
359404230082399,0,0,false,,,,
359404230124100,0,0,false,,,,
359404230124233,0,0,false,,,,
359404230124647,0,0,false,,,,
359404230124795,0,0,false,,,,
REVIEWREVIEW,0,0,false,,,,
